"store_key","price_zone","name","description","street_address","city","state","zipcode","latitude","longitude"
1503,"Milford","1503 - Total Wine - Milford",,"230 Cherry St.","Milford","CT",6460,41.2303087632519,-73.0482613423279
933,"Orlando","933 - Total Wine - Lady Lake","Lady Lake Commons","641 N. Highway 27-441","Lady Lake","FL",32159,28.9317601968961,-81.9274810499847
1136,"Orange County","1136 - Total Wine - Glendale","Glendale Fashion Center","221 North Glendale Ave.","Glendale","CA",91206,34.1486119,-118.2463549
219,"N Virginia","219 - Total Wine - Reston","Plaza America Shopping Center","11620 Plaza America Drive","Reston","VA",20190,38.9518337348694,-77.3474898656067
604,"Greensboro","604-Total Wine - Winston Salem NC","Stratford Galleria","551 South Stratford Road","Winston-Salem","NC",27103,36.0871226330336,-80.2883375342545
805,"Georgia","805 - Total Wine - Akers Mill","Akers Mill Square","2955 Cobb Parkway SE","Atlanta","GA",30339,33.8826593840285,-84.4609887654678
507,"Dallas","507 - Total Wine - Lewisville","Vista Ridge Village","2325 S. Stemmons Fwy, Suite 504","Lewisville","TX",75067,33.0088765880543,-96.9786642722443
1303,"ABQ","1303 - Total Wine - Santa Fe","Unit 11 Plaza Santa Fe II","3529 Zafarano Dr.","Santa Fe","NM",87507,35.6411,-106.012674
1106,"Orange County","1106 - Total Wine - Redondo Beach","South Bay Marketplace","1505 Hawthorne Blvd.","Redondo Beach","CA",90278,33.8677747338577,-118.353679230827
1110,"Orange County","1110 - Total Wine - Laguna Hills","Laguna Hills","24001 El Toro Road Ste B","Laguna Hills","CA",92653,33.6140031077766,-117.710192071164
2701,"Indianapolis","2701 - Nora-86th Street","Nora Corners Shopping Center","1460 E. 86th St.","Indianapolis","IN",46240,39.9138869548894,-86.1351917380981
1805,"MO - Kansas City","1805 - Total Wine - Liberty","Wilshire Plaza","8520 N. Evanston Ave.","Kansas City","MO",64157,39.247841,-94.460762
2702,"Indianapolis","2702 - Total Wine - Greenwood","The Shoppes at County Line","2110 East County Line Road","Indianapolis","IN",46227,39.63756,-86.12421
1014,"Phoenix","1014 - Total Wine - Mesa","Superstition Gateway West","1834 S. Signal Butte Rd.","Mesa","AZ",85209,33.38187,-111.6026
1802,"St Louis","1802 - Total Wine - Brentwood","The Promenade at Brentwood","90 Brentwood Promenade Ct","Brentwood","MO",63144,38.6261936815021,-90.3409933005249
1904,"Milwaukee","1904 - Total Wine - Bayshore","Bayshore Town Center","5850 N. Bayshore Dr.","Glendale","WI",53217,43.1235249807095,-87.9140186656761
1115,"San Francisco","1115 - Total Wine - Fremont","Pacific Commons","43484 Boscell Road","Fremont","CA",94538,37.503166,-121.977066
1706,"Boston","1706 - Total Wine - Braintree","Ivory Plaza","180 Pearl Street","Braintree","MA",2184,42.2042476667371,-71.0002967947205
304,"CHW/304","304-Total Wine - Union NJ","Union 22","950 Springfield Road","Union","NJ",7083,40.6887,-74.2995
202,"N Virginia","202/VFW-Total Wine - Springfield","Tower Shopping Center","6801 Bland Street","Springfield","VA",22150,38.7811391,-77.1836165
526,"Houston","526 - Total Wine - Humble","Deerbrook Plaza","9805 FM 1960 Bypass Road West","Humble","TX",77338,30.0063828,-95.2757383
522,"Austin","522 - Total Wine - Arboretum","Arboretum Village","10001 Research Blvd Suite300","Austin","TX",78759,30.3917535,-97.7444312
1009,"Phoenix","1009 - Total Wine - Park Place Mall","Park Place Mall","5870 E Broadway Blvd Suite 448","Tucson","AZ",85711,32.2205374353608,-110.864527179871
1127,"San Francisco","1127 - Total Wine - Stevens Creek","Stevens Creek Central","5170 Stevens Creek Blvd.","San Jose","CA",95129,37.3217489990129,-121.994527484409
612,"Charlotte","Closed Store 612","Grand Promenade Phase II","440 E. McCullough Dr. Suite A-100","Charlotte","NC",28262,35.30041,-80.75325
209,"N Virginia","Closed Store 209","Westgate Plaza Shopping Center","8103 Sudley Road","Manassas","VA",20109,38.7811140360967,-77.5094523187714
902,"Ft. Myers","902-Total Wine - Fort Myers","Market Square Shopping Center","13711 S. Tamiami Trail","Fort Myers","FL",33912,26.5440852508254,-81.8684670846557
2001,"Knoxville","2001 - Total Wine - Knoxville","Pinnacle at Turkey Creek","11370 Parkside Dr., Suite 2400","Knoxville","TN",37934,35.898946727308,-84.1604535631599
2102,"Louisville","2102 - Total Wine - Lexington Green","The Mall at Lexington Green","161 Lexington Green Circle","Lexington","KY",40503,37.9940556212576,-84.5238346838633
2501,"New Orleans","2501 - Total Wine - Metairie",,"3780 Veterans Memorial Blvd","Metairie","LA",70002,30.0032559418758,-90.1676120402588
506,"Dallas","506 - Total Wine - Preston Village","Preston Village Shopping Center","8700 Preston Rd Ste113","Plano","TX",75024,33.0971662192389,-96.8016406970978
534,"Dallas","534 - Total Wine - Cedar Hill","Plaza at Cedar Hill","428 E FM 1382","Cedar Hill","TX",75104,32.5912667491984,-96.9378125306885
1006,"Phoenix","1006 - Total Wine - Camelback","Camelback Center","1670 E. Camelback Rd.","Phoenix","AZ",85016,33.5102151343677,-112.045673969312
512,"Houston","512 - Total Wine - Willowbrook","The Commons at Willowbrook","7640 Cypress Creek Pkwy","Houston","TX",77070,29.966059859581,-95.5431621476074
207,"Richmond","207-Total Wine - W.Richmond","Westland Plaza Shopping Center","8099 West Broad Street","Richmond","VA",23294,37.6272666532822,-77.5337706920654
907,"Jacksonville","907-Total Wine - Jacksonville","St. John's Town Center North","4413 Town Center Parkway 300","Jacksonville","FL",32246,30.2627425569792,-81.5268587732636
1203,"Reno","1203 - Total Wine - Reno","The Commons","6671 S. Virginia Street","Reno","NV",89511,39.4653602093543,-119.785337197762
1201,"Las Vegas","1201 - Total Wine - Summerlin","Boca Park","730 S. Rampart Blvd.","Las Vegas","NV",89145,36.163689,-115.287956
605,"Charlotte","605-Total Wine - Park Towne Village","Park Towne Village (Myers Park)","1600 East Woodlawn Road","Charlotte","NC",28209,35.1716563693907,-80.8478178427139
917,"Fort Lauderdale","917-Total Wine - Wellington","Shoppes at Isla Verde","960 S State Road 7","Village of Wellington","FL",33414,26.6641015789683,-80.2010322951065
2103,"Louisville","2103 - Total Wine - St. Matthews","St. Matthews","5067 Shelbyville Rd.","Louisville","KY",40207,38.2516540312873,-85.6219203699753
505,"Dallas","505 - Total Wine - Collin Creek","Collin Creek Village","721 N Central EXPY Ste200","Plano","TX",75075,33.0104275077643,-96.7094873472214
1126,"Orange County","1126 - Total Wine - Pasadena","Pasadena","721 East Colorado Blvd","Pasadena","CA",91101,34.1460278292012,-118.135577373016
201,"N Virginia","201/FFX-Total Wine - Chantilly","Greenbriar Town Center","13053-B Lee Jackson Memorial Highway","Fairfax","VA",22033,38.8795074795261,-77.399584338623
905,"Fort Lauderdale","905-Total Wine - Boca","Shops at Boca Center","5050 Town Center Circle","Boca Raton","FL",33486,26.3637493938491,-80.1225046415253
221,"N Virginia","221 - Total Wine - Potomac Yard","Potomac Yard Retail Center","3901 Richmond Hwy","Alexandria","VA",22305,38.839735,-77.050113
2601,"Michigan","2601 - Total Wine - Grand Rapids","28th East Patterson","4923 28th Street SE","Grand Rapids","MI",49512,42.912776,-85.54603
1205,"Las Vegas","1205 - Total Wine - South Strip","Town Square Las Vegas","6885 S. Las Vegas Blvd","Las Vegas","NV",89119,36.06496,-115.17313
1705,"Boston","1705 - Total Wine - Burlington","Burlington Crossroads Shopping Center","34 Cambridge Street","Burlington","MA",1803,42.4843947548534,-71.1879981674591
204,"N Virginia","204/SWI-Total Wine - Sterling","Potomac Run Plaza","46301 Potomac Run Plaza","Sterling","VA",20164,39.0256657949034,-77.3994041412781
613,"Charlotte","613-Total Wine - Promenade","Promenade on Providence","5341 Ballantyne Commons Pkwy. S. 100","Charlotte","NC",28277,35.0636217512765,-80.7723711951065
920,"Orlando","920-Total Wine - Millenia","Millenia Plaza","4625 Millenia Plaza Way","Orlando","FL",32839,28.4964940267842,-81.4277832691727
914,"TPA","914-Total Wine - Sarasota","University Center","8539 Cooper Creek Blvd.","University Park","FL",34201,27.3899700964992,-82.4538732413864
1605,"Minneapolis","1605 - Total Wine - Maple Grove","Arbor Lakes Retail Center","12795 Elm Creek Boulevard N","Maple Grove","MN",55369,45.0930805072633,-93.4429854561585
531,"Dallas","531 - Total Wine - Oak Lawn",,"3810 Congress Ave.","Dallas","TX",75219,32.807622054697,-96.8111323386231
527,"Houston","527 - Total Wine - Sugar Land","Colony Square","16762-B Southwest Freeway","Sugar Land","TX",77479,29.5931164,-95.6363555
1121,"San Francisco","1121 - Total Wine - Pleasanton","Rose Pavilion","4225 Rosewood Dr","Pleasanton","CA",94588,37.698389633639,-121.874590102377
1130,"San Diego","1130 - Total Wine - Carmel Mt","Carmel Mountain Plaza","11940 Carmel Mountain Rd. Ste 102","San Diego","CA",92128,32.98269,-117.0779
205,"N Virginia","205/MCL-Total Wine - McLean","McLean Shopping Center","1451 Chain Bridge Road","McLean","VA",22101,38.9313832330094,-77.1793576018524
705,"Charleston","705 - Total Wine - Mount Pleasant","Wando Crossing","1501 N Highway 17","Mount Pleasant","SC",29464,32.8163590941201,-79.8432969602661
904,"Fort Lauderdale","904-Total Wine - Fort Lauderdale","The Harbor Shops Plaza","1906 Cordova Road","Fort Lauderdale","FL",33316,26.0973919501928,-80.1292025251312
1123,"Orange County","1123 - Total Wine - Temecula","Commons at Temecula","40432 Winchester Rd","Temecula","CA",92591,33.5296970185668,-117.151338031352
1707,"Boston","1707 - Total Wine - South Bay","South Bay Center","8-C Allstate Rd","Dorchester","MA",2125,42.32731,-71.06129
1131,"San Francisco","1131 - Total Wine - Monterey","Sand Dollar Shopping Center","808 Playa Ave.","Sand City","CA",93955,36.6200218,-121.8466058
1701,"Boston","1701 - Total Wine - Natick","Cloverleaf Marketplace","321 Speen Street","Natick","MA",1760,42.3034718634668,-71.3793924920654
701,"Columbia","701-Total Wine - Columbia","The Harbison Center","275-C Harbison Blvd","Columbia","SC",29212,34.0746286751512,-81.1584778654678
928,"TPA","928 - Total Wine - Brandon","Lake Brandon Plaza","11211 Causeway Blvd","Brandon","FL",33511,27.9214869744607,-82.3256850569
2104,"Louisville","2104 - Total Wine - Sir Barton","Sir Barton Place Shopping Center","2321 Sir Barton Way Suite 165","Lexington","KY",40509,38.0221771449399,-84.4246366099259
523,"Dallas","523 - Total Wine - Alliance","Alliance Town Center","3101 Texas Sage Trail","Fort Worth","TX",76177,32.9133934510317,-97.3116956693115
525,"Houston","525 - Total Wine - Copperfield","Copperfield Village","7055 Hwy 6 N","Houston","TX",77095,29.8804137477574,-95.6467200063598
1407,"Seattle","1407 - Total Wine - Federal Way","Celebration Shopping Center","32095 Pacific Hwy S","Federal Way","WA",98003,47.3128622535011,-122.315205256097
932,"Fort Lauderdale","932 - Total Wine - Doral",,"1635 NW 107th Ave.","Doral","FL",33172,25.7891268,-80.3681014
703,"Greenville","703-Total Wine - Greenville","Shoppes at Greenridge","1125 Woodruff Rd. Suite 300","Greenville","SC",29607,34.8292909370834,-82.2954005854279
2502,"New Orleans","2502 - Total Wine - Lafayette","River Marketplace","4407 Ambassador Caffery Pkwy","Lafayette","LA",70508,30.158905,-92.049779
528,"Dallas","528 - Total Wine - Euless","Glade Parks Town Center","2501 Rio Grande Blvd.","Euless","TX",76039,32.8720035837478,-97.1034419560974
502,"Dallas","502 - Total Wine - Fort Worth","Hulen Fashion Center","5200 S Hulen St","Fort Worth","TX",76132,32.6730447018009,-97.4005161103119
530,"Houston","530 - Total Wine - Heights","Lower Heights District","2857 Katy Freeway, Suite100","Houston","TX",77007,29.7733923,-95.3884066
517,"Houston","517 - Total Wine - Memorial","Lantern Lane","12516 Memorial Dr","Houston","TX",77024,29.7669158847639,-95.5515026147499
520,"San Antonio","520 - Total Wine - Forum","The Forum Shops at Olympia Parkway","8356 Agora Parkway","Selma","TX",78154,29.5739110098394,-98.3224752962646
1122,"Orange County","1122 - Total Wine - Newport Beach","Newport North Shopping Center","1280 Bison Ave.","Newport Beach","CA",92660,33.6382424497478,-117.862389106082
1402,"Seattle","1402 - Total Wine - Southcenter","Segale Center","300 Andover Park West Ste. 500","Tukwila","WA",98188,47.4546880000149,-122.253095111084
1412,"Seattle","1412 - Total Wine - Silverdale","The Trails at Silverdale","11066 Pacific Crest Place NW  A110","Silverdale","WA",98383,47.6626812756208,-122.695187808459
801,"Georgia","801 - Total Wine - Alpharetta","North Point Market Center","6290 North Point Parkway","Alpharetta","GA",30022,34.045021974322,-84.2892617219513
1903,"Milwaukee","1903 - Total Wine - Greenfield","84 South","8700 West Sura Lane","Greenfield","WI",53228,42.9612748952154,-88.0220197030411
918,"Fort Lauderdale","918-Total Wine - Pinecrest","Pinecrest-Miami","8851 SW 136th Street","Miami","FL",33176,25.646875453675,-80.3368054834671
1604,"Minneapolis","1604 - Total Wine - Woodbury","Woodbury Village Shopping Center","7150 Valley Creek PLZ STE 210","Woodbury","MN",55125,44.9277807879719,-92.9612624246063
214,"N Virginia","214-Total Wine - Fairfax","Pickett Shopping Center","9484 Main Street","Fairfax","VA",22031,38.8427981,-77.2710997
1117,"San Francisco","1117 - Total Wine - Mountain View","Rengstorff Center","1010 North Rengstorff Ave","Mountain View","CA",94043,37.4202555520641,-122.095886265012
1708,"Boston","1708 - Total Wine - Dedham","Dedham Mall","344 Providence Highway","Dedham","MA",2026,42.25499,-71.16897
937,"Pensacola","937 - Total Wine - Pensacola","Cordova Commons","1660 Airport Blvd., Unit 145","Pensacola","FL",32504,30.480339,-87.20816
1132,"Orange County","1132 - Total Wine - San Dimas","San Dimas Marketplace","826 W Arrow Hwy","San Dimas","CA",91773,34.10442,-117.821762
1804,"St Louis","1804 - Total Wine - O'Fallon","Rivercity Marketplace","2257 Highway K","O'Fallon","MO",63368,38.777962,-90.699951
1704,"Boston","1704 - Total Wine - Danvers","Mall at Liberty Tree","100 Independence Way","Danvers","MA",1923,42.5515864991124,-70.9408558185242
607,"Raleigh","607-Total Wine - Brier Creek","Brier Creek Shopping Center","8381 Brier Creek Parkway","Raleigh","NC",27617,35.9070952247115,-78.7834
802,"Georgia","802 - Total Wine - Kennesaw","Barrett Pavilion I","740 Ernest W. Barrett Pkwy. Ste 500","Kennesaw","GA",30144,34.007590044358,-84.5736463558197
909,"Orlando","909-Total Wine - Orlando","Colonial Plaza","2712 East Colonial Drive","Orlando","FL",32803,28.5527898964859,-81.3484769801483
921,"Viera","921 - Total Wine - Viera","Viera Shops","2302 Harnett Drive","Melbourne","FL",32940,28.2386885005289,-80.727975803566
2302,"Denver","2302 - Total Wine - Centennial","Centennial Promenade","9505 E. County Line Rd.","Centennial","CO",80112,39.5671768143514,-104.879124645508
1102,"Orange County","1102 - Total Wine - Northridge","Nordhoff Plaza","19336 Nordhoff St.","Northridge","CA",91324,34.235037505045,-118.554734009262
1105,"Orange County","1105 - Total Wine - Brea","Brea Plaza Shopping Center","471 South Associated Road","Brea","CA",92821,33.9121125220925,-117.882316704646
1111,"Sacramento","1111 - Total Wine - Folsom","Broadstone Plaza","2765 E. Bidwell St.","Folsom","CA",95630,38.6529797021864,-121.126066817474
218,"N Virginia","218 - Total Wine - Leesburg","Battlefield Shopping Center","1063 Edwards Ferry Rd NE","Leesburg","VA",20176,39.1124852198834,-77.5334893211487
208,"N Virginia","208-Total Wine - Fredericksburg","Central Park","1641 Carl D. Silver Parkway","Fredericksburg","VA",22401,38.3048594095867,-77.5078208943039
938,"Tallahassee","938 - Total Wine - Tallahassee","Village Commons Shopping Center","1400-31 Village Square Blvd","Tallahassee","FL",32312,30.51221,-84.24918
1134,"San Francisco","1134 - Total Wine - Santa Rosa","Santa Rosa Southside","2705 Santa Rosa Ave.","Santa Rosa","CA",95407,38.4119,-122.71365
2604,"Michigan","2604 - Total Wine - Sterling Heights","Lakeside Outparcel","13801 Lakeside Circle","Sterling Heights","MI",48313,42.621313,-82.9904341
102,"Delaware","102/MSW-Total Wine - Milltown","Milltown Shopping Center","1325 McKennans Church Road","Wilmington","DE",19808,39.7320432696985,-75.6669644589996
925,"Orlando","925 - Total Wine - Altamonte","Marketplace at Altamonte","160 E Altamonte DR","Altamonte Springs","FL",32701,28.6614376992037,-81.3850409497376
901,"TPA","901-Total Wine - Tampa","Walter's Crossing","1720 North Dale Mabry Highway","Tampa","FL",33607,27.958126906712,-82.5063046667953
521,"Dallas","521 - Total Wine - Allen","The Village at Allen","190 East Stacy Road","Allen","TX",75002,33.1262119865763,-96.6598774463104
508,"Dallas","508 - Total Wine - Arlington","The Highlands Shopping Center","981 Interstate 20 W.","Arlington","TX",76017,32.679607,-97.120611
504,"San Antonio","504 - Total Wine - The RIM","The Rim","17530 La Cantera Pkwy Ste103","San Antonio","TX",78257,29.6066359543051,-98.596276039534
514,"Austin","514 - Total Wine - Mueller","Mueller Regional Center","1201 Barbara Jordan Blvd Suite900","Austin","TX",78723,30.3044056850901,-97.7089018249924
1008,"Phoenix","1008 - Total Wine - Goodyear","Palm Valley Pavilions West","1416 N. Litchfield Rd","Goodyear","AZ",85395,33.4618676608421,-112.361308904785
1119,"Fresno","1119 - Total Wine - Fresno","Villaggio Shopping Center","7925 N. Blackstone Ave","Fresno","CA",93720,36.8511568190222,-119.794198348688
305,"ETN/TTW","305 - Total Wine - Eatontown","Eatontown Plaza","66 NJ-36","Eatontown","NJ",7724,40.290626,-74.047557
2801,"Wichita","2801 - Total Wine - Wichita","Greenwich Place","2762 N Greenwich Ct.","Wichita","KS",67226,37.73291,-97.20618
1610,"Minneapolis","1610 - Total Wine - St. Louis Park","The Shoppes at Knollwood","8100 Highway 7","St. Louis Park","MN",55426,44.93622,-93.38221
803,"Georgia","803 - Total Wine - Perimeter","Perimeter Square Center","124 Perimeter Center West","Atlanta","GA",30346,33.9271222157861,-84.3447562698364
516,"Houston","516 - Total Wine - Galleria","Tanglewood Shopping Center","5016 San Felipe St","Houston","TX",77056,29.7511726261067,-95.4624530859139
529,"Houston","529 - Total Wine - Pearland","Silverlake Village Shopping Center","10322 Broadway Street","Pearland","TX",77584,29.5546297732486,-95.3809383718277
533,"Corpus Christi","533 - Total Wine - Corpus Christi","Moore Plaza Shopping Center","5425 S. Padre Island Dr. #136C & 136D","Corpus Christi","TX",78411,27.7088684741266,-97.3774376269836
510,"Austin","510 - Total Wine - Lakeline","Lakeline Plaza","11066 Pecan Park Blvd Ste117","Cedar Park","TX",78613,30.4698709491947,-97.7991966702225
532,"El Paso","532 - Total Wine - El Paso","The Fountains at Farah","8889 Gateway Blvd West BuildingC620","El Paso","TX",79925,31.7694155618115,-106.368408965329
1302,"ABQ","1302 - Total Wine - Uptown","Albuquerque-Uptown","6701 Uptown Blvd NE","Albuquerque","NM",87110,35.1043047329903,-106.569928650926
1116,"Orange County","1116 - Total Wine - Woodland Hills","The Village at Topanga","6232 Topanga Canyon Blvd, Ste 1380","Woodland Hills","CA",91367,34.1836303,-118.6070987
1104,"Orange County","1104 - Total Wine - Rancho Cucamonga","Foothill Crossing","8201 Day Creek Blvd.","Rancho Cucamonga","CA",91739,34.1044786289441,-117.536488474869
1103,"Orange County","1103 - Total Wine - Market Place Tustin","The Market Place","2952 El Camino Real","Tustin","CA",92782,33.721950729864,-117.795910192868
1114,"Sacramento","1114 - Total Wine - Elk Grove","Laguna Crossroads","7707 Laguna Blvd. Suite 140","Elk Grove","CA",95758,38.4251071858907,-121.413149869312
1703,"Boston","1703 - Total Wine - Shrewsbury","Quinsigamond Plaza","87 Boston Turnpike","Shrewsbury","MA",1545,42.2758533611494,-71.7504322841309
212,"Tidewater","Closed Store 212","Oyster Point Shopping Center","308 Oyster Point Road","Newport News","VA",23602,37.1058243,-76.5069423
220,"Richmond","220 - Total Wine - Short Pump","Unit 24 Short Pump Crossing","3500 Pump Road","Henrico","VA",23233,37.6494387,-77.6153065
210,"Tidewater","210-Total Wine - VA Beach","Marketplace at Hilltop","1744 Laskin Rd.","Virginia Beach","VA",23454,36.8509247561909,-76.0246118941956
2504,"New Orleans","2504 - Total Wine - Baton Rouge","Siegen Village Shopping Center","7074 Siegen Lane","Baton Rouge","LA",70809,30.3855567,-91.0641932
1806,"MO - Kansas City","1806 - Total Wine - Stateline","State Line Point","13657 Washington St.","Kansas City","MO",64145,38.87961,-94.60137
1902,"Madison","1902 - Total Wine - Madison","West Towne Mall","400 West Towne Mall","Madison","WI",53719,43.0553984369914,-89.505143719574
216,"N Virginia","216 - Total Wine - Ballston","Ballston-Glebe & Wilson","800 N. Glebe Rd.","Arlington","VA",22203,38.8799643602243,-77.1150495
601,"Charlotte","Closed Store 601","Crossings Shopping Center","10052 East Independence Blvd","Matthews","NC",28105,35.130469,-80.711948
923,"Daytona","923 - Total Wine - Daytona Beach","International Speedway Square","2500 W International Speedway Blvd","Daytona Beach","FL",32114,29.1787240547268,-81.0838906478851
2101,"Louisville","2101 - Total Wine - Paddock Shops","Paddock Shops","4320 Summit Plaza Drive Ste 5","Louisville","KY",40241,38.3095344021033,-85.5766942495987
1608,"Minneapolis","1608 - Total Wine - Minnetonka","Ridgedale Festival Shopping Center","14200 Wayzata Blvd","Minnetonka","MN",55305,44.9727453794318,-93.4571777306885
535,"Dallas","535 - Total Wine - Las Colinas","MacArthur Crossing","7730 N. MacArthur Blvd. SuiteA","Irving","TX",75063,32.9117212226727,-96.9566954174439
519,"Houston","519 - Total Wine - Cinco Ranch","Shops at Bella Terra","5472 W Grand Parkway South","Richmond","TX",77406,29.6940327954154,-95.7760233494904
1004,"Phoenix","1004 - Total Wine - Tempe","Emerald Center","8544 South Emerald Dr.","Tempe","AZ",85284,33.33712146386,-111.970498189163
1005,"Phoenix","1005 - Total Wine - Gilbert","San Tan Village","2224 E. Williams Field Rd.","Gilbert","AZ",85295,33.30841,-111.744389
1001,"Phoenix","1001 - Total Wine - Tucson","The Corner","4370 North Oracle Rd.","Tucson","AZ",85705,32.2859138041184,-110.976536100525
1301,"ABQ","1301 - Total Wine - Cottonwood","Cottonwood Corners","10420 Coors Bypass NW","Albuquerque","NM",87114,35.2069969499836,-106.657815278435
1504,"Northern CT","1504 - Total Wine - West Hartford","Corbin’s Corner","1451 New Britain Avenue","West Hartford","CT",6110,41.725160226348,-72.757343790213
1012,"Phoenix","1012 - Total Wine - Prescott","Frontier Village Center","1841 E. Highway 69 Suite 118","Prescott","AZ",86301,34.548865,-112.433009
1807,"MO - Kansas City","1807 - Total Wine - Lee's Summit","Summit Woods Crossing","1648 NW Chipman Rd.","Lee's Summit","MO",64081,38.92615,-94.40593
2704,"Indianapolis","2704 - Total Wine - Noblesville","Hamilton Town Center","13145 Levinson Lane","Noblesville","IN",46060,39.993511,-85.931038
804,"Georgia","804 - Total Wine - Brookhaven","Brookhaven Plaza","3954A Peachtree Rd. NE","Brookhaven","GA",30319,33.8588490737537,-84.3419047744827
1010,"Phoenix","1010 - Total Wine - Tempe Marketplace","Tempe Marketplace","1900 E Rio Salado Pkwy Ste120","Tempe","AZ",85281,33.4303548918413,-111.901562167984
1107,"Orange County","1107 - Total Wine - Thousand Oaks","Best Buy Plaza","394 N. Moorpark Road","Thousand Oaks","CA",91360,34.1830476246047,-118.874397880812
1118,"San Francisco","1118 - Total Wine - Pleasant Hill","Pleasant Hill Marketplace","3250 Buskirk Ave","Pleasant Hill","CA",94523,37.9349715437335,-122.058116184586
1410,"Seattle","1410 - Total Wine - Puyallup","South Hill Village","120 31st Ave SE Unit E","Puyallup","WA",98374,47.1606367448525,-122.292361932541
1408,"Spokane","1408 - Total Wine - Spokane Valley","Evergreen Crossing Shopping Center","13802 E Indiana Ave","Spokane","WA",99216,47.6749336499247,-117.218946400833
211,"Tidewater","211-Total Wine - Chesapeake","Greenbrier Market Center","1232 Greenbrier Pkwy","Chesapeake","VA",23320,36.7777366638184,-76.2308959960938
1501,"Southern CT","1501 - Total Wine - Norwalk","Main Avenue Shopping Center","380 Main Ave.","Norwalk","CT",6851,41.1401487504012,-73.4240137674591
2802,"KS - Kansas City","2802 - Total Wine - Overland Park","Pinnacle Village Shopping Center","12100 Blue Valley Parkway","Overland Park","KS",66213,38.91072,-94.6759
306,"ETN/TTW","306 - Total Wine - Totowa","Totowa Square","465 US HWY 46","Totowa","NJ",7512,40.89531,-74.23386
617,"Charlotte","617 - Total Wine - Charlotte Rivergate","RiverGate","14151 Steele Creek Rd., Suite 200","Charlotte","NC",28273,35.1013,-80.98682
1901,"Milwaukee","1901 - Total Wine - Brookfield","Calhoun Crossing","17300 W Bluemound Rd Suite 200","Brookfield","WI",53045,43.037559021946,-88.1281527232788
2201,"Long Island","2201 - Total Wine Spirits & More","Westbury Plaza","1230 Old Country Road Suite A","Westbury","NY",11590,40.7444638,-73.6029084
303,"EGH/303","303-Total Wine - River Edge","River Edge Crossings","1001 Main St.","River Edge","NJ",7661,40.9121595839404,-74.0388267328186
610,"Raleigh","610-Total Wine - Patterson Pl","Patterson Place","3615 Witherspoon Blvd","Durham","NC",27707,35.9494845127291,-78.9888290593857
927,"Fort Lauderdale","927 - Total Wine - Coral Springs","Royal University Plaza","2564 N. University Drive","Coral Springs","FL",33065,26.2616148365177,-80.2506180650818
906,"Fort Lauderdale","906-Total Wine - Boynton Beach","Boynton Town Center","850 North Congress Ave.","Boynton Beach","FL",33426,26.5349997552242,-80.0895460605743
1607,"Minneapolis","1607 - Total Wine - Eagan","Central Park Commons","1440 Central Park Commons Drive","Eagan","MN",55121,44.834259088096,-93.168177794165
518,"Houston","518 - Total Wine - West University","Holcombe Shopping Center","2617 W. Holcombe Blvd","Houston","TX",77025,29.7053866860914,-95.4199142904297
524,"Houston","524 - Total Wine - The Woodlands","Lake Woodlands Crossing","1900 Lake Woodlands Drive, Suite900","The Woodlands","TX",77380,30.1657463553403,-95.4640254113922
515,"Houston","515 - Total Wine - Baybrook","Baybrook Power Center","18740 Gulf Freeway","Friendswood","TX",77546,29.5476182687265,-95.1514559594162
1002,"Phoenix","1002 - Total Wine - Glendale","Arrowhead Gateway","17550 North 75th Avenue","Glendale","AZ",85308,33.643508121556,-112.221124330164
402,"CFW","402/CFW-Corridor Fine Wines","Laurel Corridor","3335 Corridor Marketplace","Laurel","MD",20724,39.0964469,-76.8089139
934,"TPA","934 - Total Wine - Wesley Chapel","Cypress Creek Town Center","25535 Sierra Center Blvd.","Lutz","FL",33559,28.195507,-82.395547
2602,"Michigan","2602 - Total Wine - Novi","High Point","21071 Haggerty Road","Novi","MI",48375,42.440731048584,-83.4357299804688
2703,"Indianapolis","2703 - Total Wine - Carmel","Cool Creek Commons","2520 E. 146th Street","Carmel","IN",46033,40.002,-86.11719
916,"Fort Lauderdale","916-Total Wine - Stuart","Vista Plaza","2550 NW Federal Highway","Stuart","FL",34994,27.2359136313349,-80.2702431461716
1601,"Minneapolis","1601 - Total Wine - Bloomington","Southdale / 494 Shopping Center","4200 W. 78th St.","Bloomington","MN",55435,44.860229,-93.33223
1405,"Seattle","1405 - Total Wine - Lynnwood","Alderwood Crossing Shopping Center","2701 184th ST SW STE 108B","Lynnwood","WA",98037,47.8325432136055,-122.270451425934
206,"Richmond","206/SRW-Total Wine - S.Richmond","Robious Hall Shopping Center","10036 Robious Road","Richmond","VA",23235,37.5077667057598,-77.5802322723526
213,"Tidewater","213-Total Wine - Norfolk","21 West","536 West 21st Street","Norfolk","VA",23517,36.8698486646257,-76.2932305251312
1139,"Orange County","1139 - Total Wine - Culver City",,"11441 Jefferson Blvd","Culver City","CA",90230,33.98971,-118.397
1609,"Minneapolis","1609 - Total Wine - Coon Rapids","Riverdale Commons","3400 124th Avenue NW","Coon Rapids","MN",55433,45.19666,-93.35318
2705,"Indianapolis","2705 - Total Wine - Avon","Shiloh Crossing","10350 E US Hwy 36","Avon","IN",46123,39.76619,-86.3393
302,"EGH/303","302/EGH-Total Wine - Essex Green","Essex Green Shopping Center","495 Prospect Ave.","West Orange","NJ",7052,40.7937149389617,-74.2564986283112
603,"Greensboro","603-Total Wine - Greensboro NC","Oakwood Square Shopping Center","3503 W Gate City Blvd.","Greensboro","NC",27407,36.0387841754525,-79.8476251925903
1603,"Minneapolis","1603 - Total Wine - Burnsville","Burnhaven Shopping Center","820 County Rd 42 W","Burnsville","MN",55337,44.7487195361301,-93.2905120198517
1108,"Sacramento","1108 - Total Wine - Arden","Sacramento- Arden Way and Howe Ave.","2121 Arden Way","Sacramento","CA",95825,38.5968455276552,-121.416747816008
1120,"San Francisco","1120 - Total Wine - Almaden Ranch","Almaden Ranch","5140 Cherry Ave Suite 30","San Jose","CA",95118,37.2575919165356,-121.874834158861
1142,"Sacramento","1142 - Total Wine - Vacaville","Nut Tree Plaza","1680 E. Monte Vista Ave","Vacaville","CA",95688,38.36975,-121.95898
936,"Fort Lauderdale","936 - Total Wine - Grove Central","Grove Central","2750 SW 27th Terrace Suite 201","Miami","FL",33133,25.74067,-80.23875
1137,"San Diego","1137 - Total Wine - San Marcos","Creekside Market Place","561 Grand Avenue","San Marcos","CA",92078,33.13515,-117.17616
2605,"Michigan","2605 - Total Wine - Rochester Hills","Winchester Shopping Center","1242 South Rochester Rd.","Rochester Hills","MI",48307,42.66315,-83.13571
1801,"St Louis","1801 - Total Wine - Town & Country","Manchester Meadows","13887 Manchester Road","Ballwin","MO",63011,38.5983480252564,-90.4845370785736
301,"CHW/304","301/CHW-Total Wine - Cherry Hill","The Plaza at Cherry Hill","2100 Route 38, Suite 8A","Cherry Hill","NJ",8002,39.94198,-75.02078
606,"Raleigh","606-Total Wine - Cary","Crossroads Shopping Center","333 Crossroads Blvd","Cary","NC",27518,35.7614905,-78.7401999
1003,"Phoenix","1003 - Total Wine - Desert Ridge","Desert Ridge Marketplace","21001 N Tatum Blvd. Suite 12","Phoenix","AZ",85050,33.6762936573113,-111.976054992868
1113,"Orange County","1113 - Total Wine - Long Beach","Long Beach Towne Center","7400 Carson Blvd","Long Beach","CA",90808,33.827223921721,-118.086632321426
1112,"Palm Desert","1112 - Total Wine - Palm Desert","Desert Crossing Shopping Center","72339 Highway 111","Palm Desert","CA",92260,33.7281647656458,-116.404525712967
1125,"San Francisco","1125 - Total Wine - Daly City","Gellert Marketplace","311 Gellert Blvd.","Daly City","CA",94015,37.6678016907517,-122.46700060741
1411,"Seattle","1411 - Total Wine - Interbay","Port 106 Interbay Center","1550 West Armory Way","Seattle","WA",98119,47.6391190180197,-122.377499882278
912,"Fort Lauderdale","912-Total Wine - North Miami","Arena Shops","14750 Biscayne Boulevard","North Miami","FL",33181,25.9120219693303,-80.1577105178604
503,"San Antonio","503 - Total Wine - Del Norte","La Plaza Del Norte Shopping Center","125 NW Loop 410 Ste260","San Antonio","TX",78216,29.5243358929783,-98.4949687962952
616,"Raleigh","616 - Total Wine - Apex","Beaver Creek Crossings","1595 Beaver Creek Commons Dr.","Apex","NC",27502,35.74624,-78.88795
217,"Tidewater","217 - Total Wine - Newport News","Jefferson Commons","12551 Jefferson Ave, Suite 173","Newport News","VA",23602,37.128496024871,-76.5172078234177
615,"Wilmington","615 - Total Wine - Wilmington","Renaissance Market","943 Military Cutoff Road","Wilmington","NC",28405,34.24339,-77.82627
215,"N Virginia","215 - Total Wine - Gainesville","Virginia Gateway","5105 Wellington Rd","Gainesville","VA",20155,38.7928921423475,-77.6055266490738
1204,"Las Vegas","1204 - Total Wine - Centennial","Centennial Gateway East","5720 Centennial Center Blvd","Las Vegas","NV",89149,36.26548,-115.2591
611,"Raleigh","611-Total Wine - Raleigh","North Hills","4421 Six Forks Road Suite 111","Raleigh","NC",27609,35.8396456550265,-78.6435859981476
702,"Charleston","702-Total Wine - Charleston","Crossroads Plaza","1820 Ashley River Road","Charleston","SC",29407,32.8031963558427,-80.0172707968201
913,"TPA","913-Total Wine - St. Petersburg","Park Street Retail Center","4880 Park St N","St Petersburg","FL",33709,27.8167080358689,-82.7556841375733
1606,"Minneapolis","1606 - Total Wine - Chanhassen","Village on the Ponds","510 Lake Drive","Chanhassen","MN",55317,44.8566835325789,-93.5338844238037
935,"Ft. Myers","935 - Total Wine - Port Charlotte","Port Charlotte Marketplace","19400 Cochran Blvd Suite 160","Port Charlotte","FL",33948,27.003591,-82.1394761
1413,"Seattle","1413 - Total Wine - Tacoma","Tacoma Mall","4502 S. Steele St.","Tacoma","WA",98409,47.2166144,-122.4666587
609,"Charlotte","609-Total Wine - Cornelius","The Shops at the Fresh Market","20615 Torrence Chapel Road, Unit 101","Cornelius","NC",28031,35.48555,-80.87875
1135,"San Francisco","1135 - Total Wine - SF - Harrison",,"1750 Harrison Street","San Francisco","CA",94103,37.769,-122.41421
1138,"Orange County","1138 - Total Wine - Valencia","River Oaks Shopping Center","24267 Magic Mountain Pkwy","Valencia","CA",91355,34.41885,-118.55916
1013,"Phoenix","1013 - Total Wine - Surprise","Village at Prasada","13440 N. Prasada Pkwy","Surprise","AZ",85388,33.60656,-112.41644
1133,"San Diego","1133 - Total Wine - Encinitas","Encinitas Ranch Town Center","1018 North El Camino Real","Encinitas","CA",92024,33.06329,-117.26631
2303,"Denver","2303 - Total Wine - Lakewood","Belleview Shores","5136 S. Wadsworth Blvd","Littleton","CO",80123,39.62311,-105.08881
608,"Raleigh","608-Total Wine - Triangle Plaza","Triangle Plaza","6105 Capital Blvd","Raleigh","NC",27616,35.86915731282,-78.58292497686
931,"Fort Lauderdale","931 - Total Wine - Aventura","Biscayne Retail Center","19925 Biscayne Blvd.","Miami","FL",33180,25.9612679690542,-80.1460172246063
2503,"New Orleans","2503 - Total Wine - Mandeville","Northlake Shopping Center","1882 N. Causeway Blvd.","Mandeville","LA",70471,30.3921910541545,-90.0908870846558
1101,"Sacramento","1101 - Total Wine - Roseville","Fairway Commons Shopping Center","5791 Five Star Boulevard","Roseville","CA",95678,38.7817970918342,-121.271627238098
1401,"Seattle","1401 - Total Wine - Bellevue","Wilburton Crossing","699 120th Ave NE Unit B","Bellevue","WA",98005,47.6159871361817,-122.182324400139
1007,"Phoenix","1007 - Total Wine - Scottsdale","Total Wine and More Center","10320 North Scottsdale Rd. Ste 110","Scottsdale","AZ",85253,33.5797132605917,-111.927433982803
1803,"St Louis","1803 - Total Wine - Chesterfield","Clarkson Square","1781 Clarkson Rd","Chesterfield","MO",63017,38.642313982847,-90.5692627521149
2401,"Southern Illinois","2401 - Total Wine - Fairview Heights","Lincoln Place Shopping Center","5905 N. Illinois St.","Fairview Heights","IL",62208,38.585892,-89.987173
602,"Greensboro","602-Total Wine - Battleground NC","Battleground Square Shopping Center","2976 Battleground Avenue (North)","Greensboro","NC",27408,36.1156473517561,-79.8351961398117
908,"Ft. Myers","908-Total Wine - Naples","Promenade at Naples Centre","6424 Naples Blvd., Suite 601","Naples","FL",34109,26.21891,-81.768546
513,"Dallas","513 - Total Wine - West Plano","Shops at Park Place","6400 W Plano Pkwy","Plano","TX",75093,33.0297938193001,-96.8371911288361
1128,"San Francisco","1128 - Total Wine - San Mateo","Bridgepointe Shopping Center","2250 Bridgepointe Pkwy","San Mateo","CA",94404,37.5598083444595,-122.281732202516
1124,"San Francisco","1124 - Total Wine - San Ramon","Crow Canyon Commons","3161 Crow Canyon Place","San Ramon","CA",94583,37.7778881224238,-121.968944192313
939,"Fort Lauderdale","939 - Total Wine - St. Lucie West","Town Center at St Lucie West","1725 NW St Lucie W Blvd","Port St. Lucie","FL",34986,27.3155,-80.40519
1140,"San Francisco","1140 - Total Wine - Corte Madera","The Marketplace","71 Tamal Vista Blvd","Corte Madera","CA",94925,37.93426,-122.51715
1129,"San Diego","1129 - Total Wine - Mission Valley","Rio Vista Shopping Center","8740 Rio San Diego Drive","San Diego","CA",92108,32.777118,-117.143033
537,"College Station","537 - Total Wine - College Station","Texas Avenue Crossing","1450 Texas Avenue South","College Station","TX",77840,30.616832,-96.322522
401,"BEW","401/BEW-Beltway Fine Wine & Spirits","Beltway","8727 Loch Raven Blvd","Towson","MD",21286,39.3989710420693,-76.5635546232788
203,"N Virginia","203/ALX-Total Wine - Landmark","Plaza at Landmark","6240 Little River Turnpike","Alexandria","VA",22312,38.8201669264109,-77.1416187042297
915,"Fort Lauderdale","915-Total Wine - Pembroke Pines","Fountain Square","15980 Pines Blvd.","Pembroke Pines","FL",33027,26.0071032642328,-80.3574460306579
922,"Fort Lauderdale","922 - Total Wine - West Kendall","The Palms at Town and Country","11960 Mills Dr.","Miami","FL",33183,25.6903996974317,-80.3861463558197
536,"Austin","536 - Total Wine - Bee Cave","Hill Country Galleria","3925 Market St.","Bee Cave","TX",78738,30.307136789304,-97.936139090599
2301,"Denver","2301 - Total Wine - Denver","University Park","3905 East Evans Ave.","Denver","CO",80210,39.6788763126179,-104.942181307935
1404,"Vancouver","1404 - Total Wine - Vancouver","Vancouver Village Shopping Center","4816 NE Thurston Way","Vancouver","WA",98662,45.657500045735,-122.590201629639
1403,"Spokane","1403 - Total Wine - Northpointe","Northpointe Shopping Center","9980 N Newport HWY","Spokane","WA",99218,47.7495810821457,-117.398111091232
2251,"Long Island","2251 - Westbury Marketplace","Westbury Plaza","1230 Old Country Road Suite B","Westbury","NY",11590,40.7434977,-73.5999127
940,"Fort Lauderdale","940 - Total Wine - North Lauderdale","Bal Harbour Square","1740 N Federal Highway","Fort Lauderdale","FL",33305,26.1507,-80.11924
538,"McAllen","538 - Total Wine - McAllen","Las Tiendas Plaza","800 E. Expressway 83, Suite 200","McAllen","TX",78503,26.1887,-98.21297
1202,"Las Vegas","1202 - Total Wine - Henderson","Stephanie Street Power Center","501 N. Stephanie Street","Henderson","NV",89014,36.05704,-115.04768
1702,"Boston","1702 - Total Wine - Everett","Gateway Center","11 Mystic View Rd","Everett","MA",2149,42.3992397829302,-71.0685253883606
101,"Delaware","101/DSW-Total Wine - Claymont","Northtowne Plaza","691 Naamans Road","Claymont","DE",19703,39.8185762206833,-75.4566591304108
704,"Myrtle Beach","704 - Total Wine - Myrtle Beach","501 Commons","550 Seaboard Street","Myrtle Beach","SC",29577,33.7060815,-78.915126
926,"Fort Lauderdale","926 - Total Wine - Miami Beach","Fifth & Alton","1139 5th St","Miami Beach","FL",33139,25.775621,-80.142334
919,"Fort Lauderdale","919-Total Wine - Plantation","The Fountains Shopping Center","801 S. University Dr. Suite G100","Plantation","FL",33324,26.1113209041149,-80.2530097056961
924,"TPA","924 - Total Wine - South Sarasota","Pelican Plaza","8280 S Tamiami Trail","Sarasota","FL",34238,27.2307280109077,-82.4966273031799
501,"Dallas","501 - Total Wine - Dallas - Park Lane","Best Buy Plaza","9350 N. Central Expressway","Dallas","TX",75231,32.8745455393709,-96.7683988452301
2002,"Nashville","2002 - Total Wine - Brentwood","Brentwood Place Shopping Center","330 Franklin Rd., Suite 306C","Brentwood","TN",37027,36.02641158293,-86.7911825381786
2603,"Michigan","2603 - Total Wine - Ann Arbor","Waters Place","3140 Lohr Road","Ann Arbor","MI",48108,42.2400236,-83.7615284
614,"Charlotte","614 - Total Wine - Concord","Pavilion at Kings Grant","8054 Concord Mills Blvd.","Concord","NC",28027,35.3723734619558,-80.7168210067459
903,"Fort Lauderdale","903-Total Wine - Palm Beach Gardens","Legacy Place","11221 Legacy Avenue","Palm Beach Gardens","FL",33410,26.8405055568951,-80.0929973588608
910,"TPA","910-Total Wine - Clearwater","Courtyard at Countryside","2528 State Road 580","Clearwater","FL",33761,28.02103,-82.73252
1602,"Minneapolis","1602 - Total Wine - Roseville","Rosedale Marketplace Shopping Center","2401 Fairview Ave N Ste 105","Roseville","MN",55113,45.013600785421,-93.1800208677368
511,"Dallas","511 - Total Wine - Denton","Denton Crossing","1800 South Loop 288, Suite370","Denton","TX",76205,33.1927694432983,-97.0997514468353
509,"Austin","509 - Total Wine - Sunset Valley","Sunset Valley Village","5601 Brodie Lane Suite800","Sunset Valley","TX",78745,30.2254330272154,-97.8209611263199
1011,"Phoenix","1011 - Total Wine - Queen Creek","Queen Creek Marketplace","21072 South Ellsworth Loop Rd.","Queen Creek","AZ",85142,33.2568824636887,-111.63955730213
1109,"Orange County","1109 - Total Wine - Huntington","Beach Blvd & Stark","16272 Beach Blvd","Huntington Beach","CA",92647,33.7269450774884,-117.98856282209
1502,"Northern CT","1502 - Total Wine - Manchester","Plaza at Buckland Hills","1480 Pleasant Valley Rd","Manchester","CT",6042,41.8062296564655,-72.5591821534424
929,"Gainesville","929 - Total Wine - Gainesville","Butler Plaza North","3965 Plaza Blvd Suite 10","Gainesville","FL",32608,29.6277987045121,-82.3828469878357
930,"Ft. Myers","930 - Total Wine - Estero","Coconut Point Center","8012 Mediterranean Drive Suite 101","Estero","FL",33928,26.408705,-81.810719
1409,"Seattle","1409 - Total Wine - Northgate","Northgate-Seattle","525 NE Northgate Way STE 5","Seattle","WA",98125,47.7084004384526,-122.321391580951
1406,"Seattle","1406 - Total Wine - Olympia","Capital Mall","625 Black Lake Blvd SW STE 405","Olympia","WA",98502,47.0414393855763,-122.93767025795
